{"Companies":[{"CompanyName":"twtr","Actions":[{"date":"2020-11-11","Commission":"5.0","Quantity":"30.0","action":"buy"},{"date":"2022-01-01","Commission":"5.0","Quantity":"25.0","action":"sell"},{"date":"2022-08-08","Commission":"5.0","Quantity":"10.0","action":"buy"}]},{"CompanyName":"dash","Actions":[{"date":"2021-09-09","Commission":"5.0","Quantity":"15.0","action":"buy"}]},{"CompanyName":"amzn","Actions":[{"date":"2015-05-05","Commission":"5.0","Quantity":"20.0","action":"buy"},{"date":"2016-05-05","Commission":"5.0","Quantity":"5.0","action":"sell"}]},{"CompanyName":"ccl","Actions":[{"date":"2000-04-04","Commission":"5.0","Quantity":"50.0","action":"buy"},{"date":"2005-02-02","Commission":"5.0","Quantity":"10.0","action":"buy"},{"date":"2003-04-04","Commission":"5.0","Quantity":"20.0","action":"sell"}]}],"type":"flexible"}