{"Companies":[{"CompanyName":"GOOG","Actions":[{"date":"2020-10-10","Commission":"30.0","Quantity":"20.0","action":"buy"},{"date":"2020-10-01","Commission":"10.0","Quantity":"10.0","action":"buy"},{"date":"2020-10-01","Commission":"10.0","Quantity":"10.0","action":"buy"},{"date":"2020-10-01","Commission":"10.0","Quantity":"10.0","action":"buy"},{"date":"2020-10-01","Commission":"10.0","Quantity":"10.0","action":"buy"},{"date":"2020-10-01","Commission":"10.0","Quantity":"10.0","action":"buy"},{"date":"2020-10-01","Commission":"10.0","Quantity":"10.0","action":"buy"}]},{"CompanyName":"tsla","Actions":[{"date":"2020-10-01","Commission":"20.0","Quantity":"20.0","action":"buy"}]},{"CompanyName":"nu","Actions":[{"date":"2022-10-01","Commission":"20.0","Quantity":"30.0","action":"buy"},{"date":"2022-10-10","Commission":"30.0","Quantity":"60.0","action":"buy"}]},{"CompanyName":"uber","Actions":[{"date":"2020-10-01","Commission":"20.0","Quantity":"20.0","action":"buy"},{"date":"2022-11-11","Commission":"30.0","Quantity":"5.0","action":"sell"},{"date":"2020-01-01","Commission":"30.0","Quantity":"230.0","action":"buy"},{"date":"2022-10-01","Commission":"30.0","Quantity":"20.0","action":"buy"}]},{"CompanyName":"amzn","Actions":[{"date":"2008-10-01","Commission":"0.0","Quantity":"20.0","action":"buy"},{"date":"2010-10-01","Commission":"0.0","Quantity":"10.0","action":"sell"}]},{"CompanyName":"goog","Actions":[{"date":"2004-10-01","Commission":"0.0","Quantity":"200.0","action":"buy"},{"date":"2022-10-01","Commission":"0.0","Quantity":"10.0","action":"buy"},{"date":"2022-10-01","Commission":"10.0","Quantity":"10.0","action":"buy"},{"date":"2022-10-01","Commission":"20.0","Quantity":"20.0","action":"buy"},{"date":"2022-10-01","Commission":"20.0","Quantity":"20.0","action":"buy"},{"date":"2022-10-01","Commission":"20.0","Quantity":"30.0","action":"buy"},{"date":"2022-10-01","Commission":"10.0","Quantity":"10.0","action":"buy"},{"date":"2022-10-01","Commission":"10.0","Quantity":"10.0","action":"sell"},{"date":"2022-10-01","Commission":"10.0","Quantity":"10.0","action":"sell"},{"date":"2022-10-01","Commission":"10.0","Quantity":"10.0","action":"sell"},{"date":"2022-10-01","Commission":"10.0","Quantity":"10.0","action":"sell"},{"date":"2022-10-01","Commission":"10.0","Quantity":"10.0","action":"sell"},{"date":"2022-10-01","Commission":"10.0","Quantity":"10.0","action":"sell"},{"date":"2022-10-01","Commission":"10.0","Quantity":"10.0","action":"sell"},{"date":"2022-10-01","Commission":"10.0","Quantity":"10.0","action":"sell"},{"date":"2022-10-01","Commission":"10.0","Quantity":"10.0","action":"sell"},{"date":"2022-10-01","Commission":"10.0","Quantity":"10.0","action":"sell"},{"date":"2022-10-01","Commission":"10.0","Quantity":"10.0","action":"sell"},{"date":"2022-10-01","Commission":"10.0","Quantity":"10.0","action":"sell"},{"date":"2022-10-01","Commission":"10.0","Quantity":"10.0","action":"sell"},{"date":"2022-10-01","Commission":"10.0","Quantity":"10.0","action":"sell"},{"date":"2022-10-01","Commission":"10.0","Quantity":"10.0","action":"sell"},{"date":"2022-10-01","Commission":"10.0","Quantity":"10.0","action":"sell"},{"date":"2022-10-01","Commission":"0.5","Quantity":"20.0","action":"buy"},{"date":"2022-10-01","Commission":"0.5","Quantity":"30.0","action":"buy"},{"date":"2022-10-01","Commission":"0.5","Quantity":"70.0","action":"buy"},{"date":"2022-10-01","Commission":"0.5","Quantity":"20.0","action":"buy"},{"date":"2022-10-01","Commission":"0.5","Quantity":"30.0","action":"buy"},{"date":"2022-10-01","Commission":"0.5","Quantity":"40.0","action":"buy"},{"date":"2022-10-01","Commission":"0.5","Quantity":"30.0","action":"buy"},{"date":"2022-10-01","Commission":"0.5","Quantity":"70.0","action":"buy"},{"date":"2022-10-01","Commission":"0.5","Quantity":"50.0","action":"buy"},{"date":"2022-10-01","Commission":"10.0","Quantity":"20.0","action":"buy"},{"date":"2022-10-01","Commission":"10.0","Quantity":"20.0","action":"buy"},{"date":"2022-10-01","Commission":"10.0","Quantity":"40.0","action":"buy"},{"date":"2022-10-01","Commission":"10.0","Quantity":"30.0","action":"buy"},{"date":"2022-10-01","Commission":"10.0","Quantity":"50.0","action":"buy"},{"date":"2022-10-01","Commission":"10.0","Quantity":"30.0","action":"buy"},{"date":"2022-10-01","Commission":"10.0","Quantity":"40.0","action":"buy"},{"date":"2022-10-01","Commission":"10.0","Quantity":"50.0","action":"buy"},{"date":"2022-10-01","Commission":"10.0","Quantity":"30.0","action":"buy"},{"date":"2022-10-01","Commission":"10.0","Quantity":"60.0","action":"buy"},{"date":"2022-10-01","Commission":"10.0","Quantity":"40.0","action":"buy"},{"date":"2022-10-01","Commission":"10.0","Quantity":"60.0","action":"buy"},{"date":"2022-10-01","Commission":"10.0","Quantity":"50.0","action":"buy"},{"date":"2022-10-01","Commission":"10.0","Quantity":"60.0","action":"buy"},{"date":"2022-10-01","Commission":"10.0","Quantity":"60.0","action":"buy"},{"date":"2022-10-01","Commission":"10.0","Quantity":"130.0","action":"buy"},{"date":"2020-10-01","Commission":"10.0","Quantity":"110.0","action":"buy"},{"date":"2020-10-01","Commission":"10.0","Quantity":"110.0","action":"buy"},{"date":"2020-10-01","Commission":"10.0","Quantity":"110.0","action":"buy"},{"date":"2020-10-01","Commission":"10.0","Quantity":"110.0","action":"buy"},{"date":"2020-10-01","Commission":"10.0","Quantity":"120.0","action":"buy"},{"date":"2020-10-01","Commission":"10.0","Quantity":"120.0","action":"buy"},{"date":"2020-10-01","Commission":"10.0","Quantity":"130.0","action":"buy"},{"date":"2020-10-01","Commission":"10.0","Quantity":"150.0","action":"buy"},{"date":"2020-10-01","Commission":"10.0","Quantity":"110.0","action":"buy"}]},{"CompanyName":"aapl","Actions":[{"date":"2009-10-01","Commission":"0.0","Quantity":"40.0","action":"buy"}]},{"CompanyName":"meta","Actions":[{"date":"2003-10-01","Commission":"0.0","Quantity":"200.0","action":"buy"},{"date":"2021-01-10","Commission":"30.0","Quantity":"15.0","action":"buy"}]},{"CompanyName":"nvda","Actions":[{"date":"2021-10-01","Commission":"30.0","Quantity":"10.0","action":"buy"}]},{"CompanyName":"twtr","Actions":[{"date":"2020-01-01","Commission":"20.0","Quantity":"20.0","action":"buy"},{"date":"2022-11-11","Commission":"25.0","Quantity":"10.0","action":"sell"},{"date":"2015-01-01","Commission":"20.0","Quantity":"20.0","action":"buy"},{"date":"2022-11-14","Commission":"30.0","Quantity":"20.0","action":"sell"}]},{"CompanyName":"orcl","Actions":[{"date":"2006-10-01","Commission":"30.0","Quantity":"20.0","action":"buy"},{"date":"2022-11-11","Commission":"30.0","Quantity":"5.0","action":"sell"}]},{"CompanyName":"abnb","Actions":[{"date":"2021-01-01","Commission":"30.0","Quantity":"20.0","action":"buy"},{"date":"2022-11-11","Commission":"30.0","Quantity":"20.0","action":"sell"}]},{"CompanyName":"dash","Actions":[{"date":"2004-10-01","Commission":"0.0","Quantity":"10.0","action":"buy"},{"date":"2009-10-01","Commission":"0.0","Quantity":"5.0","action":"sell"},{"date":"2021-01-01","Commission":"20.0","Quantity":"30.0","action":"buy"}]}],"type":"flexible"}